Mã,Phần,Nhóm lớn,Nhóm nhỏ,Việc,Ưu tiên,Ưu tiên gốc,Chặn bởi,Sẵn sàng làm ngay,Trạng thái,Người làm,Ước lượng,Ghi chú
BE-001,Backend,"1.1. Vá bảo mật (P0 — làm ngay, độc lập với mọi thứ khác)",1.1.1. src/app/api/lessons/[id]/assignments/route.ts (POST),Mở rộng findUnique hiện tại để include: { chapter: { include: { section: { include: { course: { select: { ownerId: true } } } } } } }.,P0,P0,,Có,Chưa làm,,,
BE-002,Backend,"1.1. Vá bảo mật (P0 — làm ngay, độc lập với mọi thứ khác)",1.1.1. src/app/api/lessons/[id]/assignments/route.ts (POST),"Gọi ownsResource(auth, lesson.chapter.section.course.ownerId) ngay sau khi lấy được lesson, trả 403 nếu false — đúng pattern đã dùng ở 5 route chị em còn lại trong assignments/.",P0,P0,,Có,Chưa làm,,,
BE-003,Backend,"1.1. Vá bảo mật (P0 — làm ngay, độc lập với mọi thứ khác)",1.1.1. src/app/api/lessons/[id]/assignments/route.ts (POST),"Thử tay: đăng nhập tài khoản teacher B, gọi POST vào 1 lesson thuộc course của teacher A → kỳ vọng 403.",P0,P0,,Có,Chưa làm,,,
BE-004,Backend,"1.1. Vá bảo mật (P0 — làm ngay, độc lập với mọi thứ khác)",1.1.2. src/app/api/categories/route.ts (PUT),"Quyết định trước khi sửa: category tiếp tục dùng chung toàn nền tảng (chỉ admin_super/admin_content sửa) hay theo từng gia sư (phức tạp hơn, không khuyến nghị vì category chỉ là string trên Course, không có model riêng).",P0,P0,,Có,Chưa làm,,,
BE-005,Backend,"1.1. Vá bảo mật (P0 — làm ngay, độc lập với mọi thứ khác)",1.1.2. src/app/api/categories/route.ts (PUT),"Nếu chọn dùng chung: đổi requirePermission(PERMISSIONS.MANAGE_COURSES) thành 1 quyền admin-only mới (không cấp cho adminRole: ""teacher""), hoặc thêm check session.adminRole !== ""teacher"" ngay đầu route.",P0,P0,,Có,Chưa làm,,,
BE-006,Backend,"1.1. Vá bảo mật (P0 — làm ngay, độc lập với mọi thứ khác)",1.1.2. src/app/api/categories/route.ts (PUT),"Cập nhật src/lib/permissions.ts nếu thêm quyền mới, giữ nhất quán với ROLE_PERMISSIONS.",P0,P0,,Có,Chưa làm,,,
BE-007,Backend,"1.1. Vá bảo mật (P0 — làm ngay, độc lập với mọi thứ khác)",1.1.3. src/app/api/deadlines/route.ts (nhánh admin),"Thay điều kiện if (session.role === ""admin"") bằng: admin_super/admin_content → không lọc ({}); teacher → { course: { ownerId: session.userId } } (dùng ownerScopeWhere có sẵn, áp qua quan hệ lesson.chapter.section.course).",P0,P0,,Có,Chưa làm,,,
BE-008,Backend,"1.1. Vá bảo mật (P0 — làm ngay, độc lập với mọi thứ khác)",1.1.3. src/app/api/deadlines/route.ts (nhánh admin),Thử tay tương tự 1.1.1.,P0,P0,,Có,Chưa làm,,,
BE-009,Backend,"1.1. Vá bảo mật (P0 — làm ngay, độc lập với mọi thứ khác)",1.1.4. src/app/api/admin/reviews/*,route.ts GET: thêm where: { course: ownerScopeWhere(session) }.,P0,P0,,Có,Chưa làm,,,
BE-010,Backend,"1.1. Vá bảo mật (P0 — làm ngay, độc lập với mọi thứ khác)",1.1.4. src/app/api/admin/reviews/*,"[id]/route.ts PATCH/DELETE: findUnique lấy thêm course: { select: { ownerId: true } }, gọi requireOwnedResource(PERMISSIONS.MANAGE_COURSES, review.course.ownerId).",P0,P0,,Có,Chưa làm,,,
BE-011,Backend,"1.1. Vá bảo mật (P0 — làm ngay, độc lập với mọi thứ khác)",1.1.5. Sau khi vá cả 4,Chạy /code-review trên diff 4 file này.,P0,P0,,Có,Chưa làm,,,
BE-012,Backend,"1.1. Vá bảo mật (P0 — làm ngay, độc lập với mọi thứ khác)",1.1.5. Sau khi vá cả 4,Test thủ công chéo (2 tài khoản teacher khác nhau) cho từng route.,P0,P0,,Có,Chưa làm,,,
BE-013,Backend,"1.2. Dọn code thừa/chết (P0 — an toàn, không phụ thuộc quyết định gì)",1.1.5. Sau khi vá cả 4,Xóa model CourseFavorite khỏi prisma/schema.prisma (kèm quan hệ courseFavorites trên User và Course).,P0,P0,,Có,Chưa làm,,,
BE-014,Backend,"1.2. Dọn code thừa/chết (P0 — an toàn, không phụ thuộc quyết định gì)",1.1.5. Sau khi vá cả 4,Xóa src/hooks/useFavorites.ts.,P0,P0,,Có,Chưa làm,,,
BE-015,Backend,"1.2. Dọn code thừa/chết (P0 — an toàn, không phụ thuộc quyết định gì)",1.1.5. Sau khi vá cả 4,"Xóa src/app/api/favorites/route.ts, src/app/api/favorites/[courseId]/route.ts.",P0,P0,,Có,Chưa làm,,,
BE-016,Backend,"1.2. Dọn code thừa/chết (P0 — an toàn, không phụ thuộc quyết định gì)",1.1.5. Sau khi vá cả 4,"grep -rn ""CourseFavorite\|useFavorites\|api/favorites"" toàn repo, xác nhận sạch.",P0,P0,,Có,Chưa làm,,,
BE-017,Backend,"1.2. Dọn code thừa/chết (P0 — an toàn, không phụ thuộc quyết định gì)",1.1.5. Sau khi vá cả 4,npm run db:generate trên môi trường có mạng đầy đủ (bắt buộc — không chạy được trong phiên làm việc này do egress bị chặn tới binaries.prisma.sh).,P0,P0,,Có,Chưa làm,,,
BE-018,Backend,"1.2. Dọn code thừa/chết (P0 — an toàn, không phụ thuộc quyết định gì)",1.1.5. Sau khi vá cả 4,npx tsc --noEmit xác nhận toàn bộ thay đổi từ trước tới giờ (ParentLink/ParentConsent/AuditLog/dateOfBirth/xóa favorites) biên dịch sạch.,P0,P0,,Có,Chưa làm,,,
BE-019,Backend,"1.2. Dọn code thừa/chết (P0 — an toàn, không phụ thuộc quyết định gì)",1.1.5. Sau khi vá cả 4,npx prisma db push lên staging.,P0,P0,,Có,Chưa làm,,,
BE-033,Backend,1.4. Data model mới — theo module,"1.4.1. Wallet & Coin (P0 — không phụ thuộc D01/D02, làm ngay được)","CoinTransaction.sourceType: String — giá trị: ""topup"" | ""reward"" | ""class_subscription"" | ""refund"" | ""penalty"" (mở rộng từ 4 giá trị reason cứng hiện có).",P0,P0,"D01, D02",Không,Bị chặn,,,
BE-034,Backend,1.4. Data model mới — theo module,"1.4.1. Wallet & Coin (P0 — không phụ thuộc D01/D02, làm ngay được)","CoinTransaction.classId: String? — FK tới Course (hoặc Class nếu D01/D02 chọn tách bảng), nullable cho giao dịch không gắn lớp (vd signup_bonus).",P0,P0,"D01, D02",Không,Bị chặn,,,
BE-035,Backend,1.4. Data model mới — theo module,"1.4.1. Wallet & Coin (P0 — không phụ thuộc D01/D02, làm ngay được)","Thêm @@index([classId]), @@index([sourceType]).",P0,P0,"D01, D02",Không,Bị chặn,,,
BE-036,Backend,1.4. Data model mới — theo module,"1.4.1. Wallet & Coin (P0 — không phụ thuộc D01/D02, làm ngay được)","Tạo src/lib/coinReasons.ts (hoặc mở rộng wallet-constants.ts) — object hằng số kiểu PERMISSIONS trong permissions.ts, thay cho string tự do (hiện code đã tự phát sinh thêm ""thread_reward"", ""reply_reward"" ngoài 4 giá trị comment trong schema — không kiểm soát tập trung).",P0,P0,"D01, D02, D05",Không,Bị chặn,,,
BE-037,Backend,1.4. Data model mới — theo module,"1.4.1. Wallet & Coin (P0 — không phụ thuộc D01/D02, làm ngay được)","src/lib/wallet.ts: sửa chữ ký spendCoins(userId, amount, reason, refId?, opts?: { sourceType, classId }) và addCoins(...) tương tự — giữ tương thích ngược (opts optional).",P0,P0,"D01, D02, D05",Không,Bị chặn,,,
BE-038,Backend,1.4. Data model mới — theo module,"1.4.1. Wallet & Coin (P0 — không phụ thuộc D01/D02, làm ngay được)","API mới GET /api/wallet/transactions?classId=&sourceType=&cursor= — lọc lịch sử theo lớp, dùng cho Gia sư Dashboard xem thu nhập lớp mình.",P0,P0,"D01, D02",Không,Bị chặn,,,
BE-039,Backend,1.4. Data model mới — theo module,"1.4.1. Wallet & Coin (P0 — không phụ thuộc D01/D02, làm ngay được)",Migrate dữ liệu cũ: CoinTransaction hiện có set sourceType = null (không suy đoán ngược từ reason cũ) — chỉ giao dịch mới trở đi có sourceType.,P0,P0,"D01, D02",Không,Bị chặn,,,
BE-040,Backend,1.4. Data model mới — theo module,1.4.2. Course/Lớp (P0 field không tranh cãi / P1 phần phụ thuộc D01-D02),"Course.capacity: Int? — sức chứa tối đa, null = không giới hạn.",P0,P0,"D01, D02",Không,Bị chặn,,,
BE-041,Backend,1.4. Data model mới — theo module,1.4.2. Course/Lớp (P0 field không tranh cãi / P1 phần phụ thuộc D01-D02),"Course.classStatus: String @default(""open"") — ""open"" | ""closed"" | ""paused"" (đặt tên khác status hiện có, vì status đang là Boolean cho ẩn/hiện công khai — tránh nhầm 2 khái niệm).",P0,P0,"D01, D02",Không,Bị chặn,,,
BE-042,Backend,1.4. Data model mới — theo module,1.4.2. Course/Lớp (P0 field không tranh cãi / P1 phần phụ thuộc D01-D02),"API PATCH /api/courses/[id] — nhận thêm 2 field trên, validate capacity không nhỏ hơn số Enrollment.status=""active"" hiện tại nếu đang giảm.",P0,P0,"D01, D02",Không,Bị chặn,,,
BE-043,Backend,1.4. Data model mới — theo module,1.4.2. Course/Lớp (P0 field không tranh cãi / P1 phần phụ thuộc D01-D02),"[CHỜ D01/D02] Nếu quyết định tách Class khỏi Course: viết migration script (backfill Class 1-1 từ Course hiện có, giữ nguyên id để không vỡ FK ở 15+ model đang tham chiếu courseId).",P0,P0,"D01, D02",Không,Bị chặn,,,
BE-044,Backend,1.4. Data model mới — theo module,1.4.3. Enrollment (P0 field / P1 tích hợp),"Enrollment.status: String @default(""active"") — ""pending_consent"" | ""active"" | ""suspended"".",P0,P0,,Có,Chưa làm,,,
BE-045,Backend,1.4. Data model mới — theo module,1.4.3. Enrollment (P0 field / P1 tích hợp),"Audit lại toàn bộ nơi đang query Enrollment để coi là ""đã ghi danh"" mà chưa lọc theo status — đã xác định qua 4 agent: courses/[id]/route.ts (hasAccess), exams/[id]/start, lessons/[id]/context, schedule/route.ts, deadlines/route.ts, courses/[id]/reviews (POST review yêu cầu enrolled), assignments/[id]/answer + /submit. Với mỗi nơi: đổi điều kiện enrollment tồn tại thành enrollment.status === ""active"".",P0,P0,,Có,Chưa làm,,,
BE-046,Backend,1.4. Data model mới — theo module,1.4.3. Enrollment (P0 field / P1 tích hợp),"Route tạo Enrollment mới (trong ClassInvite.redeem, 1.4.6): tự set ""pending_consent"" nếu học viên dưới ngưỡng tuổi (D04) và chưa có ParentConsent approved, ngược lại ""active"".",P0,P0,D04,Không,Bị chặn,,,
BE-047,Backend,1.4. Data model mới — theo module,1.4.3. Enrollment (P0 field / P1 tích hợp),"Khi ParentConsent chuyển approved: tự động Enrollment.status → ""active"" (nối vào POST /api/parent-consents/[token] đã có sẵn).",P0,P0,,Có,Chưa làm,,,
BE-048,Backend,1.4. Data model mới — theo module,1.4.4. TutorProfile (P1 — cần D02 định hình phạm vi),"Field trên User (khuyến nghị field phẳng, nhất quán với avatarBase64/facebookUrl hiện có, không tách model riêng): bio: String? @db.Text, subjects: String[], tutorVerified: Boolean @default(false), tutorVerifiedAt: DateTime?, tutorVerifiedBy: String?.",P1,P1,D02,Không,Bị chặn,,,
BE-049,Backend,1.4. Data model mới — theo module,1.4.4. TutorProfile (P1 — cần D02 định hình phạm vi),"API GET/PUT /api/users/me/tutor-profile — chỉ cho phép sửa khi adminRole === ""teacher"".",P1,P1,D02,Không,Bị chặn,,,
BE-050,Backend,1.4. Data model mới — theo module,1.4.4. TutorProfile (P1 — cần D02 định hình phạm vi),"API POST /api/auth/register-tutor — đăng ký làm gia sư (khác register hiện tại đang hard-code role: ""student""); set role: ""admin"", adminRole: ""teacher"", tutorVerified: false.",P1,P1,D02,Không,Bị chặn,,,
BE-051,Backend,1.4. Data model mới — theo module,1.4.4. TutorProfile (P1 — cần D02 định hình phạm vi),"API GET /api/admin/tutor-applications?status=pending — danh sách chờ duyệt, quyền admin_super/admin_content.",P1,P1,D02,Không,Bị chặn,,,
BE-052,Backend,1.4. Data model mới — theo module,1.4.4. TutorProfile (P1 — cần D02 định hình phạm vi),"API POST /api/admin/tutor-applications/[userId]/approve — set tutorVerified: true, tutorVerifiedBy, tutorVerifiedAt; logAction(""tutor.approve"", ...).",P1,P1,D02,Không,Bị chặn,,,
BE-053,Backend,1.4. Data model mới — theo module,1.4.4. TutorProfile (P1 — cần D02 định hình phạm vi),"API POST /api/admin/tutor-applications/[userId]/reject — kèm lý do, logAction(""tutor.reject"", ...).",P1,P1,D02,Không,Bị chặn,,,
BE-054,Backend,1.4. Data model mới — theo module,1.4.4. TutorProfile (P1 — cần D02 định hình phạm vi),"Xóa/ẩn nút ""Thêm Giáo viên"" ở /admin/quan-tri-vien sau khi 2 API trên hoạt động (giữ users/[id]/role cho việc nâng Content Admin/Super Admin, không dùng cho gán teacher nữa).",P1,P1,D02,Không,Bị chặn,,,
BE-055,Backend,1.4. Data model mới — theo module,"1.4.5. Subscription — gói theo lớp (P1 — cần D01, chờ Figma xác nhận field hiển thị theo files/07 mục 7)","Model mới Subscription: id, courseId, name: String, priceCoin: Int, durationDays: Int, active: Boolean @default(true), createdAt, updatedAt.",P1,P1,D01,Không,Bị chặn,,,
BE-056,Backend,1.4. Data model mới — theo module,"1.4.5. Subscription — gói theo lớp (P1 — cần D01, chờ Figma xác nhận field hiển thị theo files/07 mục 7)","Model mới SubscriptionPurchase: id, userId, subscriptionId, enrollmentId, purchasedPriceCoin: Int (snapshot giá lúc mua), startDate: DateTime, endDate: DateTime, status: String (""active""|""expired""|""cancelled""), createdAt.",P1,P1,D01,Không,Bị chặn,,,
BE-057,Backend,1.4. Data model mới — theo module,"1.4.5. Subscription — gói theo lớp (P1 — cần D01, chờ Figma xác nhận field hiển thị theo files/07 mục 7)","API GET/POST /api/courses/[id]/subscriptions — gia sư quản lý gói lớp mình, ownsResource check.",P1,P1,D01,Không,Bị chặn,,,
BE-058,Backend,1.4. Data model mới — theo module,"1.4.5. Subscription — gói theo lớp (P1 — cần D01, chờ Figma xác nhận field hiển thị theo files/07 mục 7)","API PATCH/DELETE /api/subscriptions/[id] — sửa/ngừng bán gói, ownsResource qua subscription.course.ownerId.",P1,P1,D01,Không,Bị chặn,,,
BE-059,Backend,1.4. Data model mới — theo module,"1.4.5. Subscription — gói theo lớp (P1 — cần D01, chờ Figma xác nhận field hiển thị theo files/07 mục 7)","API POST /api/subscriptions/[id]/purchase — transaction nguyên tử trong 1 prisma.$transaction: (1) spendCoins trừ đúng priceCoin, (2) upsert Enrollment (tạo mới hoặc gia hạn endDate nếu đã có), (3) tạo SubscriptionPurchase; rollback toàn bộ nếu 1 bước lỗi (đặc biệt: không đủ Coin → lỗi ngay từ bước 1, chưa đụng DB).",P1,P1,D01,Không,Bị chặn,,,
BE-060,Backend,1.4. Data model mới — theo module,"1.4.5. Subscription — gói theo lớp (P1 — cần D01, chờ Figma xác nhận field hiển thị theo files/07 mục 7)",API GET /api/users/me/subscriptions — học viên xem gói đã mua + hạn dùng.,P1,P1,D01,Không,Bị chặn,,,
BE-061,Backend,1.4. Data model mới — theo module,"1.4.5. Subscription — gói theo lớp (P1 — cần D01, chờ Figma xác nhận field hiển thị theo files/07 mục 7)","Cron mới cron/expire-subscriptions — quét SubscriptionPurchase.endDate < now() AND status=""active"", chuyển status=""expired"" + Enrollment.status=""suspended"" (giữ đúng R01 đã chốt: giữ xem/tải, khoá hoạt động mới, không xoá dữ liệu).",P1,P1,"D01, D10",Không,Bị chặn,,,
BE-062,Backend,1.4. Data model mới — theo module,"1.4.5. Subscription — gói theo lớp (P1 — cần D01, chờ Figma xác nhận field hiển thị theo files/07 mục 7)",logAction cho purchase/expire.,P1,P1,D01,Không,Bị chặn,,,
BE-063,Backend,1.4. Data model mới — theo module,1.4.6. ClassInvite — lời mời lớp (P1 — cần D01/D02 nhưng không cần chờ 1.4.5 xong),"Model mới: id, courseId, code: String @unique, maxUses: Int?, usedCount: Int @default(0), expiresAt: DateTime?, revoked: Boolean @default(false), createdBy: String, createdAt.",P1,P1,"D01, D02",Không,Bị chặn,,,
BE-064,Backend,1.4. Data model mới — theo module,1.4.6. ClassInvite — lời mời lớp (P1 — cần D01/D02 nhưng không cần chờ 1.4.5 xong),"API POST /api/courses/[id]/invites — gia sư tạo, sinh code bằng randomBytes rút gọn (dễ đọc/gõ tay, vd 8 ký tự base32) khác token 32-byte hex của ParentConsent (mục đích khác — mã này người dùng phải tự nhập).",P1,P1,"D01, D02",Không,Bị chặn,,,
BE-065,Backend,1.4. Data model mới — theo module,1.4.6. ClassInvite — lời mời lớp (P1 — cần D01/D02 nhưng không cần chờ 1.4.5 xong),"API GET /api/courses/[id]/invites — danh sách lời mời của lớp, ownsResource check.",P1,P1,"D01, D02",Không,Bị chặn,,,
BE-066,Backend,1.4. Data model mới — theo module,1.4.6. ClassInvite — lời mời lớp (P1 — cần D01/D02 nhưng không cần chờ 1.4.5 xong),"API DELETE /api/invites/[id] — thu hồi (revoked: true), không xóa hẳn (giữ lịch sử).",P1,P1,"D01, D02",Không,Bị chặn,,,
BE-067,Backend,1.4. Data model mới — theo module,1.4.6. ClassInvite — lời mời lớp (P1 — cần D01/D02 nhưng không cần chờ 1.4.5 xong),"API POST /api/invites/[code]/redeem — public/session học viên: validate !revoked, expiresAt còn hạn, usedCount < maxUses (nếu có giới hạn); atomic updateMany tăng usedCount (tránh race 2 học viên cùng dùng mã ở giây cuối vượt maxUses), rồi tạo Enrollment theo logic 1.4.3.",P1,P1,"D01, D02",Không,Bị chặn,,,
BE-068,Backend,1.4. Data model mới — theo module,1.4.6. ClassInvite — lời mời lớp (P1 — cần D01/D02 nhưng không cần chờ 1.4.5 xong),logAction cho tạo/thu hồi/redeem.,P1,P1,"D01, D02",Không,Bị chặn,,,
BE-069,Backend,1.4. Data model mới — theo module,1.4.7. Thread theo lớp (P1 — theo G5.01),"Thread.courseId: String? — nullable, bài cũ giữ null (= ""cộng đồng chung""), bài mới có thể gắn lớp.",P1,P1,,Có,Chưa làm,,,
BE-070,Backend,1.4. Data model mới — theo module,1.4.7. Thread theo lớp (P1 — theo G5.01),"GET /api/community/threads?courseId= — thêm filter, mặc định không truyền = giữ hành vi cũ (toàn hệ thống) trong giai đoạn chuyển tiếp.",P1,P1,,Có,Chưa làm,,,
BE-071,Backend,1.4. Data model mới — theo module,1.4.7. Thread theo lớp (P1 — theo G5.01),"POST /api/community/threads — nhận courseId tùy chọn, validate người đăng phải Enrollment.status=""active"" hoặc là Course.ownerId của lớp đó nếu có gắn courseId.",P1,P1,,Có,Chưa làm,,,
BE-072,Backend,1.4. Data model mới — theo module,1.4.7. Thread theo lớp (P1 — theo G5.01),"admin/thread-reports, admin/answer-reports — thêm nhánh: nếu report thuộc thread có courseId, cho phép Course.ownerId tự xử lý (không cần MANAGE_COMMUNITY toàn hệ thống) — dùng ownsResource qua report.thread.course.ownerId.",P1,P1,,Có,Chưa làm,,,
BE-073,Backend,1.4. Data model mới — theo module,1.4.7. Thread theo lớp (P1 — theo G5.01),Cập nhật UI /cong-dong thêm bộ chọn phạm vi (xem 2.2.3).,P1,P1,,Có,Chưa làm,,,
BE-074,Backend,1.4. Data model mới — theo module,1.4.8. Doanh thu (P1 — sau khi 1.4.1 xong),"Viết lại admin/analytics/route.ts: nguồn dữ liệu chính chuyển từ Enrollment sang CoinTransaction where sourceType=""class_subscription"", join Course qua classId.",P1,P1,,Có,Chưa làm,,,
BE-075,Backend,1.4. Data model mới — theo module,1.4.8. Doanh thu (P1 — sau khi 1.4.1 xong),"Thêm groupBy Course.ownerId cho view ""doanh thu theo gia sư"" (dữ liệu quan hệ đã có sẵn, trước giờ chưa dùng).",P1,P1,,Có,Chưa làm,,,
BE-076,Backend,1.4. Data model mới — theo module,1.4.8. Doanh thu (P1 — sau khi 1.4.1 xong),"API mới GET /api/users/me/revenue?from=&to= — cho Gia sư Dashboard, chỉ trả doanh thu các lớp ownerId = session.userId.",P1,P1,,Có,Chưa làm,,,
BE-077,Backend,1.4. Data model mới — theo module,1.4.8. Doanh thu (P1 — sau khi 1.4.1 xong),Giữ song song cách tính cũ (Enrollment×price) tối thiểu 1 giai đoạn để đối chiếu số liệu không bị nhảy đột ngột khi chuyển đổi — quyết định thời điểm cắt hẳn.,P0,P1,,Có,Chưa làm,,,
BE-078,Backend,1.5. Dọn/thay các luồng Nhóm A còn sót (P1 — sau khi 1.3 và 1.4.6 có hướng),1.4.8. Doanh thu (P1 — sau khi 1.4.1 xong),"admin/students POST — tách tham số courseId khỏi payload tạo tài khoản; nếu cần tạo kèm enrollment cho ca đặc biệt (học bổng, comp), dùng thẳng ClassInvite.redeem nội bộ thay vì prisma.enrollment.create trực tiếp.",P0,P1,D13,Không,Bị chặn,,,
BE-079,Backend,1.5. Dọn/thay các luồng Nhóm A còn sót (P1 — sau khi 1.3 và 1.4.6 có hướng),1.4.8. Doanh thu (P1 — sau khi 1.4.1 xong),"CartItem/useCart — theo D01: (a) tái dùng làm giỏ hàng thật (mua nhiều gói/lớp 1 lượt qua subscriptions/[id]/purchase hàng loạt), hoặc (b) đổi ý nghĩa thành ""quan tâm/theo dõi lớp"" (bỏ hẳn khái niệm giỏ hàng).",P1,P1,D01,Không,Bị chặn,,,
BE-080,Backend,1.5. Dọn/thay các luồng Nhóm A còn sót (P1 — sau khi 1.3 và 1.4.6 có hướng),1.4.8. Doanh thu (P1 — sau khi 1.4.1 xong),"ExamGuestAccess — theo quyết định 1.3: giữ nguyên (tính năng ngách hợp lệ) / xóa model + 3 route liên quan / thay bằng ""mua vé thi lẻ"" qua Coin (mô hình giống Subscription nhưng cho Exam).",P1,P1,D11,Không,Bị chặn,,,
BE-081,Backend,1.5. Dọn/thay các luồng Nhóm A còn sót (P1 — sau khi 1.3 và 1.4.6 có hướng),1.4.8. Doanh thu (P1 — sau khi 1.4.1 xong),"SalesLead/SalesMessage — theo quyết định 1.3: nếu bỏ, cần báo trước cho service Python ngoài đang ghi trực tiếp qua psycopg2; nếu đổi mục đích, xác định lại field leadScore/stage có còn ý nghĩa không.",P0,P1,D12,Không,Bị chặn,,,
BE-082,Backend,1.6. AuditLog — mở rộng phạm vi (P2),1.4.8. Doanh thu (P1 — sau khi 1.4.1 xong),"Đã code: parent_link.verify/parent_link.revoke, parent_consent.approved/rejected/expired.",P2,P2,,—,Xong,,,
BE-083,Backend,1.6. AuditLog — mở rộng phạm vi (P2),1.4.8. Doanh thu (P1 — sau khi 1.4.1 xong),Nối vào CoinTransaction tạo mới — đặc biệt class_subscription (mua gói) và refund (hoàn tiền).,P2,P2,,Có,Chưa làm,,,
BE-084,Backend,1.6. AuditLog — mở rộng phạm vi (P2),1.4.8. Doanh thu (P1 — sau khi 1.4.1 xong),"Nối vào chấm điểm tự luận (AssignmentAnswer.pointsAwarded, ExamAnswer.pointsAwarded khi giáo viên sửa tay).",P2,P2,,Có,Chưa làm,,,
BE-085,Backend,1.6. AuditLog — mở rộng phạm vi (P2),1.4.8. Doanh thu (P1 — sau khi 1.4.1 xong),"Nối vào users/[id]/role (đổi quyền admin) và admin/tutor-applications/* (duyệt/từ chối gia sư, đã có ở 1.4.4).",P2,P2,,Có,Chưa làm,,,
BE-086,Backend,1.6. AuditLog — mở rộng phạm vi (P2),1.4.8. Doanh thu (P1 — sau khi 1.4.1 xong),Nối vào ClassInvite tạo/thu hồi/redeem (đã có ở 1.4.6).,P2,P2,,Có,Chưa làm,,,
FE-087,Frontend,2.1. Thiết kế hệ thống (Design System) — làm trước tiên (P0),2.1.1. Design tokens,"Color tokens: primary (hiện #0068FF), semantic (success/warning/danger/info — hiện dùng rải rác #16a34a/#dc2626/#fef3c7 không tập trung), neutral scale (thay #e5e3df/#787671/#a4a097/#f6f5f4 rời rạc bằng thang xám có tên).",P0,P0,,Có,Chưa làm,,,
FE-088,Frontend,2.1. Thiết kế hệ thống (Design System) — làm trước tiên (P0),2.1.1. Design tokens,Spacing scale + radius scale (hiện rounded-xl/rounded-2xl/rounded-3xl dùng lẫn lộn không theo quy tắc rõ).,P0,P0,,Có,Chưa làm,,,
FE-089,Frontend,2.1. Thiết kế hệ thống (Design System) — làm trước tiên (P0),2.1.1. Design tokens,Typography scale (font-size/weight/line-height cho heading/body/caption).,P0,P0,,Có,Chưa làm,,,
FE-090,Frontend,2.1. Thiết kế hệ thống (Design System) — làm trước tiên (P0),2.1.1. Design tokens,"Quyết định có làm dark mode không (hiện tại: không có) — nếu có, cần cặp token light/dark ngay từ đầu, không thêm sau.",P0,P0,,Có,Chưa làm,,,
FE-091,Frontend,2.1. Thiết kế hệ thống (Design System) — làm trước tiên (P0),2.1.2. Component chuẩn dùng chung (đang copy-paste ở ≥15/20 trang Admin),"Table: props columns, data, loading, emptyState, pagination{page,total,onPageChange}, onRowClick, filterSlot — thay toàn bộ bảng tự viết ở admin/hoc-sinh, admin/khoa-hoc, admin/thi-thu, admin/tin-tuc, admin/danh-gia, admin/quan-tri-vien, admin/sales-leads...",P0,P0,,Có,Chưa làm,,,
FE-092,Frontend,2.1. Thiết kế hệ thống (Design System) — làm trước tiên (P0),2.1.2. Component chuẩn dùng chung (đang copy-paste ở ≥15/20 trang Admin),"Drawer: props open, title, onClose, children, footerActions[], animation trượt phải chuẩn (đang mỗi trang tự viết transform: translateX).",P0,P0,,Có,Chưa làm,,,
FE-093,Frontend,2.1. Thiết kế hệ thống (Design System) — làm trước tiên (P0),2.1.2. Component chuẩn dùng chung (đang copy-paste ở ≥15/20 trang Admin),"Modal xác nhận: props open, title, message, confirmLabel, danger?, onConfirm, onCancel — thay confirm() trình duyệt (dùng ở admin/danh-gia) và modal tự viết ở nhiều nơi khác.",P0,P0,,Có,Chưa làm,,,
FE-094,Frontend,2.1. Thiết kế hệ thống (Design System) — làm trước tiên (P0),2.1.2. Component chuẩn dùng chung (đang copy-paste ở ≥15/20 trang Admin),"Toast: 1 provider toàn cục (Context + hook useToast()), hợp nhất AdminToast, toast tự viết trong student/ho-so, admin/hoc-sinh, và các trang guest.",P0,P0,,Có,Chưa làm,,,
FE-095,Frontend,2.1. Thiết kế hệ thống (Design System) — làm trước tiên (P0),2.1.2. Component chuẩn dùng chung (đang copy-paste ở ≥15/20 trang Admin),"EmptyState: props icon, title, description, actionLabel?, onAction?.",P0,P0,,Có,Chưa làm,,,
FE-096,Frontend,2.1. Thiết kế hệ thống (Design System) — làm trước tiên (P0),2.1.2. Component chuẩn dùng chung (đang copy-paste ở ≥15/20 trang Admin),"ErrorState: props message, onRetry.",P0,P0,,Có,Chưa làm,,,
FE-097,Frontend,2.1. Thiết kế hệ thống (Design System) — làm trước tiên (P0),2.1.2. Component chuẩn dùng chung (đang copy-paste ở ≥15/20 trang Admin),"Skeleton: variants text | card | table-row | avatar | stat-tile (đã có Skeleton.tsx cơ bản, cần mở rộng variant).",P0,P0,,Có,Chưa làm,,,
FE-098,Frontend,2.2. Khu vực Guest/Public,"2.2.1. Giữ nguyên chức năng, chỉ redesign giao diện (P1)","/, /bang-xep-hang, /thi-thu, /tin-tuc, /tin-tuc/[slug], /chinh-sach, /dang-nhap, /quen-mat-khau, /dat-lai-mat-khau, /xac-thuc-email, /xac-nhan-phu-huynh — dùng lại chức năng đã liệt kê chi tiết ở files/08 mục 3, chỉ đổi UI theo 2.1.",P1,P1,,Có,Chưa làm,,,
FE-099,Frontend,2.2. Khu vực Guest/Public,"2.2.1. Giữ nguyên chức năng, chỉ redesign giao diện (P1)","/diem-chuan, /mentor/[id] (phần dữ liệu tĩnh nếu D-mới không đổi) — quyết định giữ hard-code hay chuyển CMS trước khi vẽ.",P1,P1,,Có,Chưa làm,,,
FE-100,Frontend,2.2. Khu vực Guest/Public,"2.2.1. Giữ nguyên chức năng, chỉ redesign giao diện (P1)","/dang-ky — giữ 2 bước hiện có, thêm bước 0 hoặc field mới: chọn vai trò (Học viên / Gia sư) → nếu Gia sư, submit gọi POST /api/auth/register-tutor (1.4.4) thay vì register thường, và sau khi tạo tài khoản chuyển hướng sang màn ""hồ sơ gia sư đang chờ duyệt"" thay vì vào thẳng dashboard.",P1,P1,D03,Không,Bị chặn,,,
FE-101,Frontend,2.2. Khu vực Guest/Public,2.2.2. Đã xóa/gỡ (Đã xong),"/gio-hang, /gioi-thieu, /vinh-danh — đã xóa route.",P1,P1,,—,Xong,,,
FE-102,Frontend,2.2. Khu vực Guest/Public,2.2.2. Đã xóa/gỡ (Đã xong),"Checkout modal Zalo/Hotline trong /khoa-hoc-da-luu — đã gỡ, giữ chức năng lưu/xóa khỏi danh sách.",P1,P1,,—,Xong,,,
FE-103,Frontend,2.2. Khu vực Guest/Public,2.2.2. Đã xóa/gỡ (Đã xong),"Nút ""Mua khóa học"" → PopupBuyRequired — đã gỡ, component đã xóa.",P1,P1,,—,Xong,,,
FE-104,Frontend,2.2. Khu vực Guest/Public,2.2.2. Đã xóa/gỡ (Đã xong),Bấm bài học khóa ở /student/bai-giang/[lessonId] không còn mở popup mua.,P1,P1,,—,Xong,,,
FE-105,Frontend,2.2. Khu vực Guest/Public,/giang-vien → danh sách gia sư động,Header: tiêu đề + mô tả ngắn.,P1,P1,D08,Không,Bị chặn,,,
FE-106,Frontend,2.2. Khu vực Guest/Public,/giang-vien → danh sách gia sư động,"Bộ lọc: theo môn dạy (subjects), sắp xếp theo đánh giá (nếu D08 chọn tổng hợp theo gia sư) hoặc theo số học viên.",P1,P1,D08,Không,Bị chặn,,,
FE-107,Frontend,2.2. Khu vực Guest/Public,/giang-vien → danh sách gia sư động,"Grid card gia sư: avatar, tên, môn dạy (badge), bio rút gọn (line-clamp), rating trung bình + số lượt (nếu có), số lớp đang dạy, badge ""Đã xác minh"" nếu tutorVerified, nút ""Xem hồ sơ"".",P1,P1,D08,Không,Bị chặn,,,
FE-108,Frontend,2.2. Khu vực Guest/Public,/giang-vien → danh sách gia sư động,"Loading skeleton (variant card), empty state (""Chưa có gia sư nào phù hợp bộ lọc"").",P1,P1,D08,Không,Bị chặn,,,
FE-109,Frontend,2.2. Khu vực Guest/Public,/giang-vien → danh sách gia sư động,API: GET /api/tutors?subject=&sort=.,P1,P1,D08,Không,Bị chặn,,,
FE-110,Frontend,2.2. Khu vực Guest/Public,/mentor/[id] → hồ sơ gia sư thật,"Header: avatar, tên, môn dạy, badge xác minh.",P1,P1,D08,Không,Bị chặn,,,
FE-111,Frontend,2.2. Khu vực Guest/Public,/mentor/[id] → hồ sơ gia sư thật,Bio đầy đủ (bio field).,P1,P1,D08,Không,Bị chặn,,,
FE-112,Frontend,2.2. Khu vực Guest/Public,/mentor/[id] → hồ sơ gia sư thật,"Thống kê thật (không hard-code): số học viên (đếm Enrollment theo các Course.ownerId), số lớp, rating trung bình.",P1,P1,D08,Không,Bị chặn,,,
FE-113,Frontend,2.2. Khu vực Guest/Public,/mentor/[id] → hồ sơ gia sư thật,"Danh sách lớp đang dạy: tên, giá gói rẻ nhất, số chỗ còn (nếu capacity có), nút ""Xem lớp"" → /khoa-hoc/[slug].",P1,P1,D08,Không,Bị chặn,,,
FE-114,Frontend,2.2. Khu vực Guest/Public,/mentor/[id] → hồ sơ gia sư thật,"CTA ""Đăng ký học với [tên]"" → mở luồng mua gói (2.2.4) hoặc nhập mã mời, tùy lớp có bật cái nào.",P1,P1,D08,Không,Bị chặn,,,
FE-115,Frontend,2.2. Khu vực Guest/Public,/mentor/[id] → hồ sơ gia sư thật,Trạng thái không tìm thấy gia sư.,P1,P1,D08,Không,Bị chặn,,,
FE-116,Frontend,2.2. Khu vực Guest/Public,/mentor/[id] → hồ sơ gia sư thật,API: GET /api/tutors/[id].,P1,P1,D08,Không,Bị chặn,,,
FE-117,Frontend,2.2. Khu vực Guest/Public,"/cong-dong, /cong-dong/[id] — cộng đồng theo lớp","Tab/dropdown ""Cộng đồng chung"" vs ""Cộng đồng lớp [tên]"" (chỉ hiện các lớp học viên đã enrolled hoặc gia sư đang dạy).",P1,P1,,Có,Chưa làm,,,
FE-118,Frontend,2.2. Khu vực Guest/Public,"/cong-dong, /cong-dong/[id] — cộng đồng theo lớp","Khi ở phạm vi lớp: ẩn thanh chọn category (hoi-dap/kinh-nghiem/...) nếu không cần, hoặc giữ nguyên tùy thiết kế Figma.",P1,P1,,Có,Chưa làm,,,
FE-119,Frontend,2.2. Khu vực Guest/Public,"/cong-dong, /cong-dong/[id] — cộng đồng theo lớp","Badge phân biệt bài đăng ""chung"" vs ""trong lớp X"" khi xem ở view tổng.",P1,P1,,Có,Chưa làm,,,
FE-120,Frontend,2.2. Khu vực Guest/Public,Mua gói theo lớp,Vị trí: trang riêng /khoa-hoc/[slug]/mua-goi hoặc modal ngay trong trang chi tiết khóa học.,P1,P1,,Có,Chưa làm,,,
FE-121,Frontend,2.2. Khu vực Guest/Public,Mua gói theo lớp,"Danh sách gói của lớp: tên, giá Coin, thời hạn (vd ""30 ngày""), badge ""Đang bán""/""Ngừng bán"".",P1,P1,,Có,Chưa làm,,,
FE-122,Frontend,2.2. Khu vực Guest/Public,Mua gói theo lớp,"Hiển thị số dư Coin hiện tại của học viên, nút mua disable nếu không đủ, kèm link ""Nạp thêm Coin"".",P1,P1,,Có,Chưa làm,,,
FE-123,Frontend,2.2. Khu vực Guest/Public,Mua gói theo lớp,Màn xác nhận: tóm tắt gói + giá + số dư sau khi trừ.,P1,P1,,Có,Chưa làm,,,
FE-124,Frontend,2.2. Khu vực Guest/Public,Mua gói theo lớp,Kết quả: thành công → toast + chuyển /student/hoc-tap?course=; thất bại → thông báo lỗi cụ thể (không đủ Coin / gói ngừng bán / đã có gói active).,P1,P1,,Có,Chưa làm,,,
FE-125,Frontend,2.2. Khu vực Guest/Public,Nhập mã mời lớp,"Trang/modal nhập code — 1 ô input, validate real-time qua API (hợp lệ/hết hạn/hết lượt).",P1,P1,,Có,Chưa làm,,,
FE-126,Frontend,2.2. Khu vực Guest/Public,Nhập mã mời lớp,"Màn xác nhận tham gia lớp (tên lớp, tên gia sư).",P1,P1,,Có,Chưa làm,,,
FE-127,Frontend,2.2. Khu vực Guest/Public,Nhập mã mời lớp,"Nếu học viên dưới ngưỡng tuổi: hiện thông báo rõ ""Cần phụ huynh xác nhận trước khi bắt đầu học"" thay vì vào thẳng lớp.",P1,P1,,Có,Chưa làm,,,
FE-128,Frontend,2.2. Khu vực Guest/Public,Trang tra cứu Coin/nạp tiền,"[CHỜ QUYẾT ĐỊNH] — nằm ngoài phạm vi 125 việc gốc trong sheet TSIX (không có mã G-nào rõ ràng cho ""nạp tiền mua Coin""), cần hỏi lại có phải làm không hay Coin chỉ đến từ thưởng hoạt động.",P1,P1,,Có,Chưa làm,,,
FE-129,Frontend,2.3. Khu vực Học viên,"2.3.1. Giữ nguyên chức năng, redesign giao diện (P1)","/student/hoc-tap, /student/lich-hoc, /student/thi-thu/[examId] — dùng lại chức năng đã liệt kê ở files/08 mục 4.",P1,P1,,Có,Chưa làm,,,
FE-130,Frontend,2.3. Khu vực Học viên,"2.3.1. Giữ nguyên chức năng, redesign giao diện (P1)","/student/bai-giang/[lessonId] — trang lõi phức tạp nhất (1281 dòng), vẽ sau cùng, sau khi component chuẩn (2.1.2) đã ổn định.",P1,P1,,Có,Chưa làm,,,
FE-131,Frontend,2.3. Khu vực Học viên,2.3.2. Đã sửa ở lượt trước (Đã xong),"/student/ho-so — khối ""Liên kết phụ huynh"" (ParentLink) đã thêm đầy đủ 2 chiều (yêu cầu gửi tới mình / con của mình).",P1,P1,,—,Xong,,,
FE-132,Frontend,2.3. Khu vực Học viên,2.3.2. Đã sửa ở lượt trước (Đã xong),"/student/ho-so — theo D06: gộp hoặc bỏ hẳn section ""Thông tin phụ huynh"" tự khai cũ, chỉ giữ khối ParentLink đã xác minh.",P1,P1,D06,Không,Bị chặn,,,
FE-133,Frontend,2.3. Khu vực Học viên,2.3.2. Đã sửa ở lượt trước (Đã xong),"/student/ho-so — thêm mục ""Gói đã mua"" (danh sách SubscriptionPurchase, sau 1.4.5) và ""Lớp đã tham gia qua mã mời"" nếu cần hiển thị nguồn gốc enrollment.",P1,P1,,Có,Chưa làm,,,
FE-134,Frontend,"2.4. Khu vực Admin (thu hẹp phạm vi, phần ""quản lý lớp"" tách sang Gia sư Dashboard)","2.4.1. Giữ nguyên chức năng, chỉ redesign (P1)","/admin (dashboard), /admin/danh-gia, /admin/tin-tuc, /admin/thi-thu + 5 trang con, /admin/vinh-danh — dùng lại chức năng ở files/08 mục 5.",P1,P1,,Có,Chưa làm,,,
FE-135,Frontend,"2.4. Khu vực Admin (thu hẹp phạm vi, phần ""quản lý lớp"" tách sang Gia sư Dashboard)",2.4.2. Đã sửa ở lượt trước (Đã xong),"/admin/hoc-sinh — khối ""Kích hoạt/Thu hồi khoá học"" đã đổi thành chỉ đọc + nút ""Xác nhận PH"".",P1,P1,,—,Xong,,,
FE-136,Frontend,"2.4. Khu vực Admin (thu hẹp phạm vi, phần ""quản lý lớp"" tách sang Gia sư Dashboard)",2.4.3. Cần tái cấu trúc lớn (P1 — sau khi model 1.4 có hướng),"/admin/khoa-hoc, /admin/khoa-hoc/[id] — tách đôi: phần ""gia sư tự quản lý lớp mình"" chuyển hẳn sang Gia sư Dashboard (2.5); Admin chỉ giữ view tổng quan toàn nền tảng (danh sách mọi lớp, không sửa nội dung trực tiếp) cho admin_super/admin_content.",P1,P1,,Có,Chưa làm,,,
FE-137,Frontend,"2.4. Khu vực Admin (thu hẹp phạm vi, phần ""quản lý lớp"" tách sang Gia sư Dashboard)",2.4.3. Cần tái cấu trúc lớn (P1 — sau khi model 1.4 có hướng),"/admin/doanh-thu — vẽ lại theo sổ Coin thật (sau 1.4.8), thêm bảng ""theo từng gia sư"" (tên gia sư, số lớp, doanh thu tháng).",P1,P1,,Có,Chưa làm,,,
FE-138,Frontend,"2.4. Khu vực Admin (thu hẹp phạm vi, phần ""quản lý lớp"" tách sang Gia sư Dashboard)",2.4.3. Cần tái cấu trúc lớn (P1 — sau khi model 1.4 có hướng),"/admin/quan-tri-vien — thay nút ""Thêm Giáo viên"" bằng tab ""Hồ sơ gia sư chờ duyệt"" (danh sách tutorVerified=false, nút Duyệt/Từ chối, xem trước hồ sơ).",P1,P1,,Có,Chưa làm,,,
FE-139,Frontend,"2.4. Khu vực Admin (thu hẹp phạm vi, phần ""quản lý lớp"" tách sang Gia sư Dashboard)",2.4.3. Cần tái cấu trúc lớn (P1 — sau khi model 1.4 có hướng),"/admin/cong-dong, /admin/cong-dong/bao-cao — thêm bộ lọc theo lớp (sau 1.4.7), badge phân biệt report thuộc lớp nào.",P1,P1,,Có,Chưa làm,,,
FE-140,Frontend,"2.4. Khu vực Admin (thu hẹp phạm vi, phần ""quản lý lớp"" tách sang Gia sư Dashboard)",2.4.3. Cần tái cấu trúc lớn (P1 — sau khi model 1.4 có hướng),/admin/khoa-hoc/danh-muc — làm rõ lại quyền sau khi vá 1.1.2 (chỉ admin sửa nếu chọn dùng chung).,P1,P1,,Có,Chưa làm,,,
FE-141,Frontend,"2.5. Gia sư Dashboard — hoàn toàn mới (P1/P2, gap lớn nhất theo files/08 mục 8.D)",Trang tổng quan,"3-4 stat card: tổng học viên, tổng lớp đang dạy, doanh thu tháng này, đánh giá trung bình (nếu D08 cho phép).",P1,P1,D08,Không,Bị chặn,,,
FE-142,Frontend,"2.5. Gia sư Dashboard — hoàn toàn mới (P1/P2, gap lớn nhất theo files/08 mục 8.D)",Trang tổng quan,"Danh sách lớp đang dạy dạng card: tên, số học viên/capacity, trạng thái (classStatus), nút vào quản lý.",P1,P1,,Có,Chưa làm,,,
FE-143,Frontend,"2.5. Gia sư Dashboard — hoàn toàn mới (P1/P2, gap lớn nhất theo files/08 mục 8.D)",Trang tổng quan,"Khối ""Việc cần làm"": số yêu cầu xác nhận phụ huynh đang chờ, số report cộng đồng lớp mình cần xử lý, số bài tự luận chưa chấm.",P1,P1,,Có,Chưa làm,,,
FE-144,Frontend,"2.5. Gia sư Dashboard — hoàn toàn mới (P1/P2, gap lớn nhất theo files/08 mục 8.D)",Trang tổng quan,"Loading skeleton, empty state (chưa có lớp nào — CTA ""Tạo lớp đầu tiên"").",P1,P1,,Có,Chưa làm,,,
FE-145,Frontend,"2.5. Gia sư Dashboard — hoàn toàn mới (P1/P2, gap lớn nhất theo files/08 mục 8.D)",Trang hồ sơ gia sư,"Form sửa bio, subjects (multi-select hoặc tag input), avatar.",P1,P1,,Có,Chưa làm,,,
FE-146,Frontend,"2.5. Gia sư Dashboard — hoàn toàn mới (P1/P2, gap lớn nhất theo files/08 mục 8.D)",Trang hồ sơ gia sư,"Badge trạng thái xác minh; nếu tutorVerified=false: banner ""Hồ sơ đang chờ duyệt, một số tính năng bị giới hạn cho tới khi được xác minh"".",P1,P1,,Có,Chưa làm,,,
FE-147,Frontend,"2.5. Gia sư Dashboard — hoàn toàn mới (P1/P2, gap lớn nhất theo files/08 mục 8.D)",Trang quản lý 1 lớp,"Tab Cài đặt — giữ nguyên (tên, giá, ảnh, ngày khai giảng...) + thêm capacity, classStatus (1.4.2).",P1,P1,,Có,Chưa làm,,,
FE-148,Frontend,"2.5. Gia sư Dashboard — hoàn toàn mới (P1/P2, gap lớn nhất theo files/08 mục 8.D)",Trang quản lý 1 lớp,"Tab Chương trình học — giữ nguyên (Section→Chapter→Lesson, drag&drop, AssignmentEditor).",P1,P1,,Có,Chưa làm,,,
FE-149,Frontend,"2.5. Gia sư Dashboard — hoàn toàn mới (P1/P2, gap lớn nhất theo files/08 mục 8.D)",Trang quản lý 1 lớp,"Tab Học viên — giữ nguyên (roster, tiến độ) + thêm cột Enrollment.status (đang chờ phụ huynh/hoạt động/ngừng).",P1,P1,,Có,Chưa làm,,,
FE-150,Frontend,"2.5. Gia sư Dashboard — hoàn toàn mới (P1/P2, gap lớn nhất theo files/08 mục 8.D)",Trang quản lý 1 lớp,"Tab Gói (mới) — CRUD Subscription: tên gói, giá Coin, thời hạn, toggle đang bán.",P1,P1,,Có,Chưa làm,,,
FE-151,Frontend,"2.5. Gia sư Dashboard — hoàn toàn mới (P1/P2, gap lớn nhất theo files/08 mục 8.D)",Trang quản lý 1 lớp,"Tab Lời mời (mới) — tạo mã ClassInvite, xem lượt dùng, thu hồi.",P1,P1,,Có,Chưa làm,,,
FE-152,Frontend,"2.5. Gia sư Dashboard — hoàn toàn mới (P1/P2, gap lớn nhất theo files/08 mục 8.D)",Trang quản lý 1 lớp,Tab Lịch học — giữ nguyên.,P1,P1,,Có,Chưa làm,,,
FE-153,Frontend,"2.5. Gia sư Dashboard — hoàn toàn mới (P1/P2, gap lớn nhất theo files/08 mục 8.D)",Trang doanh thu của tôi,"Biểu đồ theo tháng + bảng giao dịch (CoinTransaction where sourceType=""class_subscription"" và classId thuộc mình).",P1,P1,,Có,Chưa làm,,,
FE-154,Frontend,"2.5. Gia sư Dashboard — hoàn toàn mới (P1/P2, gap lớn nhất theo files/08 mục 8.D)",Trang doanh thu của tôi,Export CSV (giữ pattern đã có ở /admin/doanh-thu).,P1,P1,,Có,Chưa làm,,,
FE-155,Frontend,"2.5. Gia sư Dashboard — hoàn toàn mới (P1/P2, gap lớn nhất theo files/08 mục 8.D)",Trang kiểm duyệt cộng đồng lớp mình,Danh sách report (ThreadReport/AnswerReport) trong phạm vi các lớp mình sở hữu.,P1,P1,,Có,Chưa làm,,,
FE-156,Frontend,"2.5. Gia sư Dashboard — hoàn toàn mới (P1/P2, gap lớn nhất theo files/08 mục 8.D)",Trang kiểm duyệt cộng đồng lớp mình,Hành động Duyệt vi phạm/Bỏ qua — dùng lại UI pattern từ /admin/cong-dong/bao-cao.,P1,P1,,Có,Chưa làm,,,
FE-157,Frontend,"2.6. Component cần build mới/build lại (gắn với 2.1.2, liệt kê thêm component đặc thù tính năng mới)",Trang kiểm duyệt cộng đồng lớp mình,TutorCard — dùng ở /giang-vien (grid) và tìm kiếm gia sư.,P1,P1,,Có,Chưa làm,,,
FE-158,Frontend,"2.6. Component cần build mới/build lại (gắn với 2.1.2, liệt kê thêm component đặc thù tính năng mới)",Trang kiểm duyệt cộng đồng lớp mình,TutorProfileHeader — dùng ở /mentor/[id] và trang hồ sơ Gia sư Dashboard.,P1,P1,,Có,Chưa làm,,,
FE-159,Frontend,"2.6. Component cần build mới/build lại (gắn với 2.1.2, liệt kê thêm component đặc thù tính năng mới)",Trang kiểm duyệt cộng đồng lớp mình,"SubscriptionPicker — danh sách gói + chọn mua, dùng ở trang chi tiết khóa học và Gia sư Dashboard (xem trước gói mình tạo).",P1,P1,,Có,Chưa làm,,,
FE-160,Frontend,"2.6. Component cần build mới/build lại (gắn với 2.1.2, liệt kê thêm component đặc thù tính năng mới)",Trang kiểm duyệt cộng đồng lớp mình,ClassInviteForm + ClassInviteList — tạo/xem/thu hồi mã mời.,P1,P1,,Có,Chưa làm,,,
FE-161,Frontend,"2.6. Component cần build mới/build lại (gắn với 2.1.2, liệt kê thêm component đặc thù tính năng mới)",Trang kiểm duyệt cộng đồng lớp mình,"InviteCodeInput — ô nhập mã mời có validate real-time, dùng ở trang nhập mã (2.2.4).",P1,P1,,Có,Chưa làm,,,
FE-162,Frontend,"2.6. Component cần build mới/build lại (gắn với 2.1.2, liệt kê thêm component đặc thù tính năng mới)",Trang kiểm duyệt cộng đồng lớp mình,"ParentLinkWidget — đã có ở student/ho-so, tách thành component riêng để dùng lại được (vd hiển thị rút gọn ở Gia sư Dashboard nếu cần xem trạng thái consent của học viên).",P1,P1,,Có,Chưa làm,,,
FE-163,Frontend,"2.6. Component cần build mới/build lại (gắn với 2.1.2, liệt kê thêm component đặc thù tính năng mới)",Trang kiểm duyệt cộng đồng lớp mình,"CommunityScopeSwitcher — chuyển đổi ""cộng đồng chung"" / ""cộng đồng lớp X"" ở /cong-dong.",P1,P1,,Có,Chưa làm,,,
FE-164,Frontend,"2.6. Component cần build mới/build lại (gắn với 2.1.2, liệt kê thêm component đặc thù tính năng mới)",Trang kiểm duyệt cộng đồng lớp mình,RevenueByTutorTable — dùng ở /admin/doanh-thu (view admin) và trang doanh thu Gia sư Dashboard (chỉ khác phạm vi dữ liệu).,P1,P1,,Có,Chưa làm,,,
